{
  "accuracy": [
    0.5516502261161804,
    0.6183740496635437,
    0.6418059468269348,
    0.666523814201355,
    0.6809543967247009,
    0.7038148045539856,
    0.7101014256477356,
    0.7259608507156372,
    0.7321045994758606,
    0.7426775097846985,
    0.7412487268447876,
    0.7405343651771545,
    0.7446777820587158,
    0.7506786584854126,
    0.7511072754859924,
    0.7555364966392517,
    0.7535362243652344,
    0.754393458366394,
    0.7592512965202332,
    0.7512502074241638,
    0.7563937902450562,
    0.7608229517936707,
    0.7613945007324219,
    0.7538219690322876,
    0.7559651136398315,
    0.7618231177330017,
    0.7603943347930908,
    0.7646806836128235,
    0.7652521729469299,
    0.7656807899475098,
    0.7673953175544739,
    0.7742534875869751,
    0.7745392322540283,
    0.7675382494926453,
    0.7743963599205017,
    0.7621088624000549,
    0.7703957557678223,
    0.7705386281013489,
    0.7729675769805908,
    0.7748249769210815,
    0.7751107215881348,
    0.7718245387077332,
    0.7723960280418396,
    0.7648235559463501,
    0.7679668664932251,
    0.7689669728279114,
    0.7723960280418396,
    0.7685383558273315,
    0.7718245387077332,
    0.7699671387672424,
    0.7698242664337158
  ],
  "auc": [
    0.598350465297699,
    0.6897863149642944,
    0.7140318155288696,
    0.7537981271743774,
    0.7638604044914246,
    0.7809521555900574,
    0.7890574336051941,
    0.8028312921524048,
    0.8064756989479065,
    0.8140990734100342,
    0.8141893744468689,
    0.8157066702842712,
    0.8182116746902466,
    0.8218046426773071,
    0.8260578513145447,
    0.8258216977119446,
    0.8280308246612549,
    0.8296123743057251,
    0.8344768285751343,
    0.8256539702415466,
    0.8327492475509644,
    0.8375818729400635,
    0.8343828320503235,
    0.8331326842308044,
    0.8350132703781128,
    0.8388156890869141,
    0.8372493386268616,
    0.8412386775016785,
    0.8421398997306824,
    0.8393331170082092,
    0.8392239809036255,
    0.8502768874168396,
    0.8480949401855469,
    0.8486985564231873,
    0.8480252027511597,
    0.8474332690238953,
    0.8517710566520691,
    0.8494532704353333,
    0.8538817763328552,
    0.8509239554405212,
    0.85648512840271,
    0.8504025340080261,
    0.8533530235290527,
    0.849943995475769,
    0.8493884801864624,
    0.849877655506134,
    0.8531135320663452,
    0.8514620661735535,
    0.8503230810165405,
    0.8566258549690247,
    0.8490231037139893
  ],
  "loss": [
    0.7914900183677673,
    0.6591527462005615,
    0.6288472414016724,
    0.5910147428512573,
    0.5814456343650818,
    0.564439058303833,
    0.5588358044624329,
    0.5414044260978699,
    0.5374225974082947,
    0.5283563733100891,
    0.5288677215576172,
    0.5265508890151978,
    0.5230053067207336,
    0.5205783247947693,
    0.5137348175048828,
    0.5142237544059753,
    0.5105104446411133,
    0.5095173716545105,
    0.5039899349212646,
    0.514510452747345,
    0.5069880485534668,
    0.49945786595344543,
    0.5029116868972778,
    0.503645122051239,
    0.5043399333953857,
    0.4980529844760895,
    0.4981004297733307,
    0.49371692538261414,
    0.49164602160453796,
    0.49599188566207886,
    0.49534842371940613,
    0.4820198118686676,
    0.4837377965450287,
    0.4829266667366028,
    0.4835030436515808,
    0.48461130261421204,
    0.4789636433124542,
    0.4836246967315674,
    0.4766945242881775,
    0.4815123677253723,
    0.4717418849468231,
    0.48015668988227844,
    0.4769444167613983,
    0.48095691204071045,
    0.4839806854724884,
    0.480797678232193,
    0.4778035283088684,
    0.48034289479255676,
    0.48090890049934387,
    0.472637414932251,
    0.48135992884635925
  ],
  "precision": [
    0.2488262951374054,
    0.30552953481674194,
    0.3204915225505829,
    0.34578803181648254,
    0.3580724596977234,
    0.3824063837528229,
    0.38695162534713745,
    0.40531179308891296,
    0.4123389422893524,
    0.42490988969802856,
    0.4224103093147278,
    0.42237260937690735,
    0.4275391399860382,
    0.4343351125717163,
    0.4357723593711853,
    0.44064971804618835,
    0.4377342760562897,
    0.4389837682247162,
    0.446153849363327,
    0.435318261384964,
    0.44266337156295776,
    0.44876033067703247,
    0.4489966630935669,
    0.4387628734111786,
    0.4424489736557007,
    0.4499376714229584,
    0.4472023546695709,
    0.4538622200489044,
    0.45477283000946045,
    0.4553794860839844,
    0.4568006992340088,
    0.46720612049102783,
    0.46743786334991455,
    0.458002507686615,
    0.4673495590686798,
    0.45084327459335327,
    0.46218135952949524,
    0.4624687135219574,
    0.4653927683830261,
    0.4684077501296997,
    0.4691409468650818,
    0.46403029561042786,
    0.4643923342227936,
    0.4544701874256134,
    0.45875000953674316,
    0.4594824016094208,
    0.46454352140426636,
    0.45951586961746216,
    0.4636942744255066,
    0.46150627732276917,
    0.4606884717941284
  ],
  "recall": [
    0.5946704149246216,
    0.685834527015686,
    0.6767181158065796,
    0.7138850092887878,
    0.7138850092887878,
    0.7377278804779053,
    0.7237026691436768,
    0.7384291887283325,
    0.7405329346656799,
    0.7440392971038818,
    0.7349228858947754,
    0.7440392971038818,
    0.7468442916870117,
    0.7398316860198975,
    0.7517531514167786,
    0.7419354915618896,
    0.7370266318321228,
    0.739130437374115,
    0.752454400062561,
    0.7433379888534546,
    0.7552594542503357,
    0.7615708112716675,
    0.7531557083129883,
    0.7461430430412292,
    0.7601683139801025,
    0.7594670653343201,
    0.7454417943954468,
    0.7622721195220947,
    0.7650771141052246,
    0.7657784223556519,
    0.7489480972290039,
    0.769284725189209,
    0.7650771141052246,
    0.7685834765434265,
    0.7678821682929993,
    0.7685834765434265,
    0.7755960822105408,
    0.777699887752533,
    0.7685834765434265,
    0.7798036336898804,
    0.7889200448989868,
    0.7734922766685486,
    0.7636746168136597,
    0.7699859738349915,
    0.7720897793769836,
    0.7594670653343201,
    0.7671809196472168,
    0.7720897793769836,
    0.7657784223556519,
    0.7734922766685486,
    0.7601683139801025
  ],
  "val_accuracy": [
    0.5619999766349792,
    0.652999997138977,
    0.699999988079071,
    0.7289999723434448,
    0.7269999980926514,
    0.7409999966621399,
    0.7400000095367432,
    0.7570000290870667,
    0.7609999775886536,
    0.7590000033378601,
    0.7680000066757202,
    0.7620000243186951,
    0.7680000066757202,
    0.7720000147819519,
    0.7699999809265137,
    0.7680000066757202,
    0.7680000066757202,
    0.7680000066757202,
    0.7609999775886536,
    0.7670000195503235,
    0.7689999938011169,
    0.7749999761581421,
    0.765999972820282,
    0.7570000290870667,
    0.7739999890327454,
    0.7829999923706055,
    0.7689999938011169,
    0.7730000019073486,
    0.7749999761581421,
    0.7770000100135803,
    0.7879999876022339,
    0.7770000100135803,
    0.7739999890327454,
    0.7760000228881836,
    0.7599999904632568,
    0.7630000114440918,
    0.7620000243186951,
    0.7739999890327454,
    0.7720000147819519,
    0.7689999938011169,
    0.777999997138977,
    0.7760000228881836,
    0.7739999890327454,
    0.7689999938011169,
    0.7670000195503235,
    0.7739999890327454,
    0.7730000019073486,
    0.7720000147819519,
    0.7730000019073486,
    0.7749999761581421,
    0.7689999938011169
  ],