{
  "accuracy": 0.7971014492753623,
  "precision": 0.5007824726134585,
  "recall": 0.7862407862407862,
  "f1": 0.6118546845124283,
  "roc_auc": 0.8765656839684443,
  "confusion_matrix": [
    [
      1275,
      319
    ],
    [
      87,
      320
    ]
  ]
}